{
  "key": "my-add-on",
  "name": "Ping Pong",
  "description": "My very first add-on",
  "vendor": {
    "name": "Angry Nerds",
    "url": "https://www.atlassian.com/angrynerds"
  },
  "baseUrl": "{{localBaseUrl}}",
  "links": {
    "self": "{{localBaseUrl}}/atlassian-connect.json",
    "homepage": "{{localBaseUrl}}/atlassian-connect.json"
  },
  "authentication": {
    "type": "jwt"
  },
  "lifecycle": {
    // atlassian-connect-express expects this route to be configured to manage the installation handshake
    "installed": "/installed"
  },
  "scopes": [
    "READ"
  ],
  "modules": {
    "generalPages": [
      {
        "key": "instance-stats",
        "location": "system.top.navigation.bar",
        "name": {
          "value": "Stats"
        },
        "url": "/stats/instance",
        "conditions": [
          {
            "condition": "user_is_logged_in"
          }
        ]
      }
    ],
    "webhooks": [
      {
        "event": "jira:issue_created",
        "url": "/issues/created"
      },
      {
        "event": "jira:issue_deleted",
        "url": "/issues/deleted"
      },
      {
        "event": "jira:issue_updated",
        "url": "/issues/updated"
      },
      {
        "event": "connect_addon_enabled",
        "url": "/addon/enabled"
      }
    ]
  }
}
